#Organism Name,Organism Groups,Strain,BioSample,BioProject,Assembly,Level,Size(Mb),GC%,Replicons,WGS,Scaffolds,CDS,Release Date,GenBank FTP,RefSeq FTP
"Sinorhizobium saheli","Bacteria;Proteobacteria;Alphaproteobacteria","LMG 7837","SAMN04274563","PRJNA302544","GCA_001651875.1","Scaffold",5.99435,63.6,,"LNQB01",102,5333,"2016-05-25T00:00:00Z","ftp://ftp.ncbi.nlm.nih.gov/genomes/all/GCA/001/651/875/GCA_001651875.1_ASM165187v1","ftp://ftp.ncbi.nlm.nih.gov/genomes/all/GCF/001/651/875/GCF_001651875.1_ASM165187v1"
"Sinorhizobium sp. CCBAU 05631","Bacteria;Proteobacteria;Alphaproteobacteria","CCBAU 05631","SAMN02469491","PRJNA77219","GCA_000261005.1","Contig",6.29776,62.4,,"AJQU01",242,5563,"2012-05-03T00:00:00Z","ftp://ftp.ncbi.nlm.nih.gov/genomes/all/GCA/000/261/005/GCA_000261005.1_05631","ftp://ftp.ncbi.nlm.nih.gov/genomes/all/GCF/000/261/005/GCF_000261005.1_05631"
"Sinorhizobium medicae WSM1369","Bacteria;Proteobacteria;Alphaproteobacteria","WSM1369","SAMN02256492","PRJNA165337","GCA_000372345.1","Contig",6.40256,61.1,,"AQUS01",307,5595,"2013-04-19T00:00:00Z","ftp://ftp.ncbi.nlm.nih.gov/genomes/all/GCA/000/372/345/GCA_000372345.1_ASM37234v1","ftp://ftp.ncbi.nlm.nih.gov/genomes/all/GCF/000/372/345/GCF_000372345.1_ASM37234v1"
"Sinorhizobium americanum","Bacteria;Proteobacteria;Alphaproteobacteria","CFNEI 156","SAMN04274562","PRJNA302539","GCA_001651855.1","Contig",6.65355,62.3,,"LNQC01",82,5947,"2016-05-25T00:00:00Z","ftp://ftp.ncbi.nlm.nih.gov/genomes/all/GCA/001/651/855/GCA_001651855.1_ASM165185v1","ftp://ftp.ncbi.nlm.nih.gov/genomes/all/GCF/001/651/855/GCF_001651855.1_ASM165185v1"
"Sinorhizobium americanum","Bacteria;Proteobacteria;Alphaproteobacteria","NG07B","SAMN04302117","PRJNA304440","GCA_002909045.1","Contig",6.25472,62.4,,"LODV01",55,5597,"2018-01-30T00:00:00Z","ftp://ftp.ncbi.nlm.nih.gov/genomes/all/GCA/002/909/045/GCA_002909045.1_ASM290904v1","ftp://ftp.ncbi.nlm.nih.gov/genomes/all/GCF/002/909/045/GCF_002909045.1_ASM290904v1"
"Sinorhizobium sp. PC2","Bacteria;Proteobacteria;Alphaproteobacteria","PC2","SAMN02744092","PRJNA169749","GCA_000969585.1","Contig",8.45896,61.3,,"LATE01",171,7099,"2015-04-06T00:00:00Z","ftp://ftp.ncbi.nlm.nih.gov/genomes/all/GCA/000/969/585/GCA_000969585.1_ASM96958v1","ftp://ftp.ncbi.nlm.nih.gov/genomes/all/GCF/000/969/585/GCF_000969585.1_ASM96958v1"
"Sinorhizobium medicae DI28","Bacteria;Proteobacteria;Alphaproteobacteria","DI28","SAMN02441594","PRJNA162987","GCA_000419665.1","Contig",6.55362,61.1,,"ATTL01",104,6032,"2013-07-09T00:00:00Z","ftp://ftp.ncbi.nlm.nih.gov/genomes/all/GCA/000/419/665/GCA_000419665.1_ASM41966v1","ftp://ftp.ncbi.nlm.nih.gov/genomes/all/GCF/000/419/665/GCF_000419665.1_ASM41966v1"
"Sinorhizobium medicae WSM244","Bacteria;Proteobacteria;Alphaproteobacteria","WSM244","SAMN02440912","PRJNA165339","GCA_000419785.1","Contig",6.65028,61.2,,"ATTR01",91,6138,"2013-07-09T00:00:00Z","ftp://ftp.ncbi.nlm.nih.gov/genomes/all/GCA/000/419/785/GCA_000419785.1_ASM41978v1","ftp://ftp.ncbi.nlm.nih.gov/genomes/all/GCF/000/419/785/GCF_000419785.1_ASM41978v1"
"Sinorhizobium sp. GL28","Bacteria;Proteobacteria;Alphaproteobacteria","GL28","SAMN04301587","PRJNA211976","GCA_001461685.1","Contig",7.61211,61.5,,"AUSZ01",345,6759,"2015-12-07T00:00:00Z","ftp://ftp.ncbi.nlm.nih.gov/genomes/all/GCA/001/461/685/GCA_001461685.1_ASM146168v1","ftp://ftp.ncbi.nlm.nih.gov/genomes/all/GCF/001/461/685/GCF_001461685.1_ASM146168v1"
"Sinorhizobium americanum","Bacteria;Proteobacteria;Alphaproteobacteria","FG01","SAMN04302120","PRJNA304441","GCA_002909075.1","Contig",6.14405,62.5,,"LODU01",74,5470,"2018-01-30T00:00:00Z","ftp://ftp.ncbi.nlm.nih.gov/genomes/all/GCA/002/909/075/GCA_002909075.1_ASM290907v1","ftp://ftp.ncbi.nlm.nih.gov/genomes/all/GCF/002/909/075/GCF_002909075.1_ASM290907v1"
"Sinorhizobium medicae","Bacteria;Proteobacteria;Alphaproteobacteria","Str18","SAMN05980215","PRJNA352431","GCA_002864945.1","Scaffold",6.50111,61.2,,"NBUA01",94,5966,"2018-01-05T00:00:00Z","ftp://ftp.ncbi.nlm.nih.gov/genomes/all/GCA/002/864/945/GCA_002864945.1_ASM286494v1","ftp://ftp.ncbi.nlm.nih.gov/genomes/all/GCF/002/864/945/GCF_002864945.1_ASM286494v1"
"Sinorhizobium sp. Sb3","Bacteria;Proteobacteria;Alphaproteobacteria","Sb3","SAMN04301588","PRJNA211975","GCA_001461705.1","Contig",7.84584,61.5,,"AUTA01",162,6877,"2015-12-07T00:00:00Z","ftp://ftp.ncbi.nlm.nih.gov/genomes/all/GCA/001/461/705/GCA_001461705.1_ASM146170v1","ftp://ftp.ncbi.nlm.nih.gov/genomes/all/GCF/001/461/705/GCF_001461705.1_ASM146170v1"
"Sinorhizobium sp. GW3","Bacteria;Proteobacteria;Alphaproteobacteria","GW3","SAMN04301586","PRJNA211977","GCA_001461765.1","Contig",7.71295,62,,"AUSY01",101,6889,"2015-12-07T00:00:00Z","ftp://ftp.ncbi.nlm.nih.gov/genomes/all/GCA/001/461/765/GCA_001461765.1_ASM146176v1","ftp://ftp.ncbi.nlm.nih.gov/genomes/all/GCF/001/461/765/GCF_001461765.1_ASM146176v1"
"Sinorhizobium medicae","Bacteria;Proteobacteria;Alphaproteobacteria","Str17","SAMN05980213","PRJNA352431","GCA_002864955.1","Scaffold",7.07206,61,,"NBUB01",250,5680,"2018-01-05T00:00:00Z","ftp://ftp.ncbi.nlm.nih.gov/genomes/all/GCA/002/864/955/GCA_002864955.1_ASM286495v1","ftp://ftp.ncbi.nlm.nih.gov/genomes/all/GCF/002/864/955/GCF_002864955.1_ASM286495v1"
"Sinorhizobium medicae","Bacteria;Proteobacteria;Alphaproteobacteria","Str16","SAMN05980212","PRJNA352431","GCA_002864985.1","Scaffold",7.32295,61,,"NBUC01",201,6457,"2018-01-05T00:00:00Z","ftp://ftp.ncbi.nlm.nih.gov/genomes/all/GCA/002/864/985/GCA_002864985.1_ASM286498v1","ftp://ftp.ncbi.nlm.nih.gov/genomes/all/GCF/002/864/985/GCF_002864985.1_ASM286498v1"
"Sinorhizobium sp. A49","Bacteria;Proteobacteria;Alphaproteobacteria","A49","SAMN06293010","PRJNA369723","GCA_002002725.1","Contig",6.84794,61.8,,"MUNW01",95,6255,"2017-02-16T00:00:00Z","ftp://ftp.ncbi.nlm.nih.gov/genomes/all/GCA/002/002/725/GCA_002002725.1_ASM200272v1","ftp://ftp.ncbi.nlm.nih.gov/genomes/all/GCF/002/002/725/GCF_002002725.1_ASM200272v1"
"Sinorhizobium sp. LM21","Bacteria;Proteobacteria;Alphaproteobacteria","LM21","SAMN06765771","PRJNA383473","GCA_002216665.1","Contig",7.64356,62.2,,"NEXT01",114,7073,"2017-07-11T00:00:00Z","ftp://ftp.ncbi.nlm.nih.gov/genomes/all/GCA/002/216/665/GCA_002216665.1_SLM21","ftp://ftp.ncbi.nlm.nih.gov/genomes/all/GCF/002/216/665/GCF_002216665.1_SLM21"
"Sinorhizobium medicae","Bacteria;Proteobacteria;Alphaproteobacteria","Str15","SAMN05980208","PRJNA352431","GCA_002865005.1","Scaffold",6.72893,61.1,,"NBUD01",136,5813,"2018-01-05T00:00:00Z","ftp://ftp.ncbi.nlm.nih.gov/genomes/all/GCA/002/865/005/GCA_002865005.1_ASM286500v1","ftp://ftp.ncbi.nlm.nih.gov/genomes/all/GCF/002/865/005/GCF_002865005.1_ASM286500v1"
"Sinorhizobium medicae","Bacteria;Proteobacteria;Alphaproteobacteria","Str14","SAMN05980200","PRJNA352431","GCA_002865025.1","Scaffold",6.7229,61,,"NBUE01",342,5269,"2018-01-05T00:00:00Z","ftp://ftp.ncbi.nlm.nih.gov/genomes/all/GCA/002/865/025/GCA_002865025.1_ASM286502v1","ftp://ftp.ncbi.nlm.nih.gov/genomes/all/GCF/002/865/025/GCF_002865025.1_ASM286502v1"
"Sinorhizobium sp. BJ1","Bacteria;Proteobacteria;Alphaproteobacteria","BJ1","SAMN07627174","PRJNA403813","GCA_002531555.1","Contig",7.02653,61.7,,"NWTH01",130,6221,"2017-10-12T00:00:00Z","ftp://ftp.ncbi.nlm.nih.gov/genomes/all/GCA/002/531/555/GCA_002531555.1_ASM253155v1","ftp://ftp.ncbi.nlm.nih.gov/genomes/all/GCF/002/531/555/GCF_002531555.1_ASM253155v1"
"Sinorhizobium sp. FG01","Bacteria;Proteobacteria;Alphaproteobacteria","FG01","SAMN07627176","PRJNA403813","GCA_002531875.1","Contig",6.14405,62.5,,"NWTB01",74,5468,"2017-10-12T00:00:00Z","ftp://ftp.ncbi.nlm.nih.gov/genomes/all/GCA/002/531/875/GCA_002531875.1_ASM253187v1","ftp://ftp.ncbi.nlm.nih.gov/genomes/all/GCF/002/531/875/GCF_002531875.1_ASM253187v1"
"Sinorhizobium medicae","Bacteria;Proteobacteria;Alphaproteobacteria","Str12","SAMN05980198","PRJNA352431","GCA_002865035.1","Scaffold",7.29193,61,,"NBUG01",208,6106,"2018-01-05T00:00:00Z","ftp://ftp.ncbi.nlm.nih.gov/genomes/all/GCA/002/865/035/GCA_002865035.1_ASM286503v1","ftp://ftp.ncbi.nlm.nih.gov/genomes/all/GCF/002/865/035/GCF_002865035.1_ASM286503v1"
"Sinorhizobium medicae","Bacteria;Proteobacteria;Alphaproteobacteria","Str13","SAMN05980199","PRJNA352431","GCA_002865045.1","Scaffold",7.09462,61.1,,"NBUF01",206,5915,"2018-01-05T00:00:00Z","ftp://ftp.ncbi.nlm.nih.gov/genomes/all/GCA/002/865/045/GCA_002865045.1_ASM286504v1","ftp://ftp.ncbi.nlm.nih.gov/genomes/all/GCF/002/865/045/GCF_002865045.1_ASM286504v1"
"Sinorhizobium sp. NG07B","Bacteria;Proteobacteria;Alphaproteobacteria","NG07B","SAMN07627179","PRJNA403813","GCA_002532005.1","Contig",6.25472,62.4,,"NWTD01",55,5570,"2017-10-12T00:00:00Z","ftp://ftp.ncbi.nlm.nih.gov/genomes/all/GCA/002/532/005/GCA_002532005.1_ASM253200v1","ftp://ftp.ncbi.nlm.nih.gov/genomes/all/GCF/002/532/005/GCF_002532005.1_ASM253200v1"
"Sinorhizobium medicae","Bacteria;Proteobacteria;Alphaproteobacteria","Str11","SAMN05980192","PRJNA352431","GCA_002865055.1","Scaffold",6.73025,61.1,,"NBUH01",248,5557,"2018-01-05T00:00:00Z","ftp://ftp.ncbi.nlm.nih.gov/genomes/all/GCA/002/865/055/GCA_002865055.1_ASM286505v1","ftp://ftp.ncbi.nlm.nih.gov/genomes/all/GCF/002/865/055/GCF_002865055.1_ASM286505v1"
"Sinorhizobium sp. M4_45","Bacteria;Proteobacteria;Alphaproteobacteria","M4_45","SAMN07654030","PRJNA407429","GCA_002885915.1","Contig",6.33427,62.4,,"NWVE01",39,5869,"2018-01-16T00:00:00Z","ftp://ftp.ncbi.nlm.nih.gov/genomes/all/GCA/002/885/915/GCA_002885915.1_ASM288591v1","ftp://ftp.ncbi.nlm.nih.gov/genomes/all/GCF/002/885/915/GCF_002885915.1_ASM288591v1"
"Sinorhizobium medicae","Bacteria;Proteobacteria;Alphaproteobacteria","Str10","SAMN05980190","PRJNA352431","GCA_002865105.1","Scaffold",7.03526,61.1,,"NBUI01",149,6149,"2018-01-05T00:00:00Z","ftp://ftp.ncbi.nlm.nih.gov/genomes/all/GCA/002/865/105/GCA_002865105.1_ASM286510v1","ftp://ftp.ncbi.nlm.nih.gov/genomes/all/GCF/002/865/105/GCF_002865105.1_ASM286510v1"
"Sinorhizobium sp. NFACC03","Bacteria;Proteobacteria;Alphaproteobacteria","NFACC03","SAMN03159448","PRJEB16186","GCA_900103435.1","Scaffold",7.22895,61.9,,"FMXF01",78,6536,"2016-10-20T00:00:00Z","ftp://ftp.ncbi.nlm.nih.gov/genomes/all/GCA/900/103/435/GCA_900103435.1_IMG-taxon_2599185352_annotated_assembly","ftp://ftp.ncbi.nlm.nih.gov/genomes/all/GCF/900/103/435/GCF_900103435.1_IMG-taxon_2599185352_annotated_assembly"
"Sinorhizobium sp. GL2","Bacteria;Proteobacteria;Alphaproteobacteria","GL2","SAMN04301589","PRJNA211974","GCA_001461715.1","Contig",7.79338,62.1,,"AUTB01",133,7427,"2015-12-07T00:00:00Z","ftp://ftp.ncbi.nlm.nih.gov/genomes/all/GCA/001/461/715/GCA_001461715.1_ASM146171v1","ftp://ftp.ncbi.nlm.nih.gov/genomes/all/GCF/001/461/715/GCF_001461715.1_ASM146171v1"
"Sinorhizobium medicae","Bacteria;Proteobacteria;Alphaproteobacteria","Str9","SAMN05980189","PRJNA352431","GCA_002865125.1","Scaffold",5.75428,61.1,,"NBUJ01",181,5190,"2018-01-05T00:00:00Z","ftp://ftp.ncbi.nlm.nih.gov/genomes/all/GCA/002/865/125/GCA_002865125.1_ASM286512v1","ftp://ftp.ncbi.nlm.nih.gov/genomes/all/GCF/002/865/125/GCF_002865125.1_ASM286512v1"
"Sinorhizobium medicae","Bacteria;Proteobacteria;Alphaproteobacteria","Str8","SAMN05980188","PRJNA352431","GCA_002865145.1","Scaffold",6.64176,61.2,,"NBUK01",80,5962,"2018-01-05T00:00:00Z","ftp://ftp.ncbi.nlm.nih.gov/genomes/all/GCA/002/865/145/GCA_002865145.1_ASM286514v1","ftp://ftp.ncbi.nlm.nih.gov/genomes/all/GCF/002/865/145/GCF_002865145.1_ASM286514v1"
"Sinorhizobium medicae","Bacteria;Proteobacteria;Alphaproteobacteria","Str7","SAMN05980183","PRJNA352431","GCA_002865155.1","Scaffold",6.77689,61.1,,"NBUL01",309,5940,"2018-01-05T00:00:00Z","ftp://ftp.ncbi.nlm.nih.gov/genomes/all/GCA/002/865/155/GCA_002865155.1_ASM286515v1","ftp://ftp.ncbi.nlm.nih.gov/genomes/all/GCF/002/865/155/GCF_002865155.1_ASM286515v1"
"Sinorhizobium medicae","Bacteria;Proteobacteria;Alphaproteobacteria","Str6","SAMN05980181","PRJNA352431","GCA_002865185.1","Scaffold",6.6814,61.2,,"NBUM01",144,5693,"2018-01-05T00:00:00Z","ftp://ftp.ncbi.nlm.nih.gov/genomes/all/GCA/002/865/185/GCA_002865185.1_ASM286518v1","ftp://ftp.ncbi.nlm.nih.gov/genomes/all/GCF/002/865/185/GCF_002865185.1_ASM286518v1"
"Sinorhizobium medicae","Bacteria;Proteobacteria;Alphaproteobacteria","Str3","SAMN05980088","PRJNA352431","GCA_002865225.1","Scaffold",6.77935,61.1,,"NBUP01",228,6083,"2018-01-05T00:00:00Z","ftp://ftp.ncbi.nlm.nih.gov/genomes/all/GCA/002/865/225/GCA_002865225.1_ASM286522v1","ftp://ftp.ncbi.nlm.nih.gov/genomes/all/GCF/002/865/225/GCF_002865225.1_ASM286522v1"
"Sinorhizobium medicae","Bacteria;Proteobacteria;Alphaproteobacteria","Str1","SAMN05980086","PRJNA352431","GCA_002865265.1","Scaffold",7.32149,61,,"NBUQ01",209,6079,"2018-01-05T00:00:00Z","ftp://ftp.ncbi.nlm.nih.gov/genomes/all/GCA/002/865/265/GCA_002865265.1_ASM286526v1","ftp://ftp.ncbi.nlm.nih.gov/genomes/all/GCF/002/865/265/GCF_002865265.1_ASM286526v1"
"Sinorhizobium medicae","Bacteria;Proteobacteria;Alphaproteobacteria","Str5","SAMN05980180","PRJNA352431","GCA_002865205.1","Scaffold",5.7806,60.6,,"NBUN01",1819,4515,"2018-01-05T00:00:00Z","ftp://ftp.ncbi.nlm.nih.gov/genomes/all/GCA/002/865/205/GCA_002865205.1_ASM286520v1",
"Sinorhizobium medicae","Bacteria;Proteobacteria;Alphaproteobacteria","Str4","SAMN05980090","PRJNA352431","GCA_002865215.1","Scaffold",6.51961,61,,"NBUO01",481,5209,"2018-01-05T00:00:00Z","ftp://ftp.ncbi.nlm.nih.gov/genomes/all/GCA/002/865/215/GCA_002865215.1_ASM286521v1",
"Sinorhizobium medicae WSM419","Bacteria;Proteobacteria;Alphaproteobacteria","WSM419","SAMN02598363","PRJNA16304","GCA_000017145.1","Complete",6.81758,61.1627,"chromosome:NC_009636.1/CP000738.1; plasmid pSMED01:NC_009620.1/CP000739.1; plasmid pSMED02:NC_009621.1/CP000740.1; plasmid pSMED03:NC_009622.1/CP000741.1",,4,6213,"2007-06-29T00:00:00Z","ftp://ftp.ncbi.nlm.nih.gov/genomes/all/GCA/000/017/145/GCA_000017145.1_ASM1714v1","ftp://ftp.ncbi.nlm.nih.gov/genomes/all/GCF/000/017/145/GCF_000017145.1_ASM1714v1"
"Sinorhizobium arboris LMG 14919","Bacteria;Proteobacteria;Alphaproteobacteria","LMG 14919","SAMN02440592","PRJNA74465","GCA_000427465.1","Scaffold",6.8503,62,,"ATYB01",7,6098,"2013-07-15T00:00:00Z","ftp://ftp.ncbi.nlm.nih.gov/genomes/all/GCA/000/427/465/GCA_000427465.1_ASM42746v1","ftp://ftp.ncbi.nlm.nih.gov/genomes/all/GCF/000/427/465/GCF_000427465.1_ASM42746v1"
"Sinorhizobium americanum CCGM7","Bacteria;Proteobacteria;Alphaproteobacteria","CCGM7","SAMN02370997","PRJNA222537","GCA_000705595.2","Complete",6.85305,62.1917,"chromosome:NZ_CP013051.1/CP013051.1; plasmid A:NZ_CP013052.1/CP013052.1; plasmid B:NZ_CP013053.1/CP013053.1; plasmid C:NZ_CP013054.1/CP013054.1",,4,6070,"2016-12-05T00:00:00Z","ftp://ftp.ncbi.nlm.nih.gov/genomes/all/GCA/000/705/595/GCA_000705595.2_ASM70559v2","ftp://ftp.ncbi.nlm.nih.gov/genomes/all/GCF/000/705/595/GCF_000705595.2_ASM70559v2"
"Sinorhizobium sp. CCBAU 05631","Bacteria;Proteobacteria;Alphaproteobacteria","CCBAU 05631","SAMN07445559","PRJNA353922","GCA_002288505.1","Complete",6.38735,62.3581,"chromosome:NZ_CP023063.1/CP023063.1; plasmid pSS05631a:NZ_CP023065.1/CP023065.1; plasmid pSS05631b:NZ_CP023064.1/CP023064.1; plasmid pSS05631d:NZ_CP023066.1/CP023066.1",,4,5653,"2017-09-08T00:00:00Z","ftp://ftp.ncbi.nlm.nih.gov/genomes/all/GCA/002/288/505/GCA_002288505.1_ASM228850v1","ftp://ftp.ncbi.nlm.nih.gov/genomes/all/GCF/002/288/505/GCF_002288505.1_ASM228850v1"
"Sinorhizobium americanum","Bacteria;Proteobacteria;Alphaproteobacteria","CFNEI 73","SAMN04160749","PRJNA298565","GCA_001889105.1","Complete",6.75151,62.2856,"chromosome:NZ_CP013107.1/CP013107.1; plasmid A:NZ_CP013108.1/CP013108.1; plasmid B:NZ_CP013109.1/CP013109.1; plasmid C:NZ_CP013110.1/CP013110.1",,4,5995,"2016-12-05T00:00:00Z","ftp://ftp.ncbi.nlm.nih.gov/genomes/all/GCA/001/889/105/GCA_001889105.1_ASM188910v1","ftp://ftp.ncbi.nlm.nih.gov/genomes/all/GCF/001/889/105/GCF_001889105.1_ASM188910v1"
"Sinorhizobium medicae WSM1115","Bacteria;Proteobacteria;Alphaproteobacteria","WSM1115","SAMN02261275","PRJNA74391","GCA_000378785.1","Scaffold",6.86106,61.2,,"AQZC01",7,6398,"2013-04-22T00:00:00Z","ftp://ftp.ncbi.nlm.nih.gov/genomes/all/GCA/000/378/785/GCA_000378785.1_ASM37878v1","ftp://ftp.ncbi.nlm.nih.gov/genomes/all/GCF/000/378/785/GCF_000378785.1_ASM37878v1"
"Sinorhizobium fredii CCBAU 25509","Bacteria;Proteobacteria;Alphaproteobacteria","CCBAU 25509","SAMN03761947","PRJNA285929","GCA_003177055.1","Complete",6.81086,62.193,"chromosome:NZ_CP029451.1/CP029451.1; plasmid pSF25509a:NZ_CP029453.1/CP029453.1; plasmid pSF25509b:NZ_CP029452.1/CP029452.1",,3,6079,"2018-05-30T00:00:00Z","ftp://ftp.ncbi.nlm.nih.gov/genomes/all/GCA/003/177/055/GCA_003177055.1_ASM317705v1","ftp://ftp.ncbi.nlm.nih.gov/genomes/all/GCF/003/177/055/GCF_003177055.1_ASM317705v1"
"Sinorhizobium fredii USDA 257","Bacteria;Proteobacteria;Alphaproteobacteria","USDA 257","SAMN02641503","PRJNA163675","GCA_000265205.2"," Chromosome",7.03232,61.8945,"chromosome:NC_018000.1/CP003563.1",,20,6292,"2012-06-06T00:00:00Z","ftp://ftp.ncbi.nlm.nih.gov/genomes/all/GCA/000/265/205/GCA_000265205.2_ASM26520v2","ftp://ftp.ncbi.nlm.nih.gov/genomes/all/GCF/000/265/205/GCF_000265205.3_ASM26520v2"
"Sinorhizobium fredii GR64","Bacteria;Proteobacteria;Alphaproteobacteria","GR64","SAMN02469447","PRJNA51881","GCA_000219415.2","Contig",7.143,62.0203,"plasmid p64a:NC_015742.1/CP002245.1","AMCX01",217,6326,"2012-09-18T00:00:00Z","ftp://ftp.ncbi.nlm.nih.gov/genomes/all/GCA/000/219/415/GCA_000219415.2_SfreGR64-1.0","ftp://ftp.ncbi.nlm.nih.gov/genomes/all/GCF/000/219/415/GCF_000219415.2_SfreGR64-1.0"
"Sinorhizobium fredii CCBAU 05557","Bacteria;Proteobacteria;Alphaproteobacteria","CCBAU 05557","SAMN02469489","PRJNA77219","GCA_000261845.1","Contig",6.5877,62.3,,"AJQM01",382,5951,"2012-05-03T00:00:00Z","ftp://ftp.ncbi.nlm.nih.gov/genomes/all/GCA/000/261/845/GCA_000261845.1_05557","ftp://ftp.ncbi.nlm.nih.gov/genomes/all/GCF/000/261/845/GCF_000261845.1_05557"
"Sinorhizobium fredii CCBAU 25509","Bacteria;Proteobacteria;Alphaproteobacteria","CCBAU 25509","SAMN02469478","PRJNA77219","GCA_000261865.1","Contig",6.58002,62.2,,"AJQN01",443,5835,"2012-05-03T00:00:00Z","ftp://ftp.ncbi.nlm.nih.gov/genomes/all/GCA/000/261/865/GCA_000261865.1_25509","ftp://ftp.ncbi.nlm.nih.gov/genomes/all/GCF/000/261/865/GCF_000261865.1_25509"
"Sinorhizobium fredii CCBAU 45436","Bacteria;Proteobacteria;Alphaproteobacteria","CCBAU 45436","SAMN02469479","PRJNA77219","GCA_000261885.1","Contig",6.81546,62.2,,"AJQO01",327,6128,"2012-05-03T00:00:00Z","ftp://ftp.ncbi.nlm.nih.gov/genomes/all/GCA/000/261/885/GCA_000261885.1_45436","ftp://ftp.ncbi.nlm.nih.gov/genomes/all/GCF/000/261/885/GCF_000261885.1_45436"
"Sinorhizobium fredii CCBAU 83622","Bacteria;Proteobacteria;Alphaproteobacteria","CCBAU 83622","SAMN02469480","PRJNA77219","GCA_000261905.1","Contig",6.56775,62.3,,"AJQP01",401,5865,"2012-05-03T00:00:00Z","ftp://ftp.ncbi.nlm.nih.gov/genomes/all/GCA/000/261/905/GCA_000261905.1_83622","ftp://ftp.ncbi.nlm.nih.gov/genomes/all/GCF/000/261/905/GCF_000261905.1_83622"
"Sinorhizobium fredii CCBAU 83643","Bacteria;Proteobacteria;Alphaproteobacteria","CCBAU 83643","SAMN02469486","PRJNA77219","GCA_000261925.1","Contig",6.87695,62,,"AJQQ01",438,6062,"2012-05-03T00:00:00Z","ftp://ftp.ncbi.nlm.nih.gov/genomes/all/GCA/000/261/925/GCA_000261925.1_83643","ftp://ftp.ncbi.nlm.nih.gov/genomes/all/GCF/000/261/925/GCF_000261925.1_83643"
"Sinorhizobium fredii CCBAU 83666","Bacteria;Proteobacteria;Alphaproteobacteria","CCBAU 83666","SAMN02469490","PRJNA77219","GCA_000261945.1","Contig",6.83801,62.1,,"AJQR01",536,6026,"2012-05-03T00:00:00Z","ftp://ftp.ncbi.nlm.nih.gov/genomes/all/GCA/000/261/945/GCA_000261945.1_83666","ftp://ftp.ncbi.nlm.nih.gov/genomes/all/GCF/000/261/945/GCF_000261945.1_83666"
"Sinorhizobium fredii CCBAU 83753","Bacteria;Proteobacteria;Alphaproteobacteria","CCBAU 83753","SAMN02469470","PRJNA77219","GCA_000261965.1","Contig",6.83281,62.1,,"AJQS01",417,6109,"2012-05-03T00:00:00Z","ftp://ftp.ncbi.nlm.nih.gov/genomes/all/GCA/000/261/965/GCA_000261965.1_83753","ftp://ftp.ncbi.nlm.nih.gov/genomes/all/GCF/000/261/965/GCF_000261965.1_83753"
"Sinorhizobium fredii USDA 205","Bacteria;Proteobacteria;Alphaproteobacteria","USDA 205","SAMN04301590","PRJNA211973","GCA_001461695.1","Contig",6.57982,62.3,,"AUTC01",209,5774,"2015-12-07T00:00:00Z","ftp://ftp.ncbi.nlm.nih.gov/genomes/all/GCA/001/461/695/GCA_001461695.1_ASM146169v1","ftp://ftp.ncbi.nlm.nih.gov/genomes/all/GCF/001/461/695/GCF_001461695.1_ASM146169v1"
"Sinorhizobium fredii","Bacteria;Proteobacteria;Alphaproteobacteria","PCH1","SAMN07627175","PRJNA403813","GCA_002531965.1","Contig",6.96427,62,,"NWTC01",134,6235,"2017-10-12T00:00:00Z","ftp://ftp.ncbi.nlm.nih.gov/genomes/all/GCA/002/531/965/GCA_002531965.1_ASM253196v1","ftp://ftp.ncbi.nlm.nih.gov/genomes/all/GCF/002/531/965/GCF_002531965.1_ASM253196v1"
"Sinorhizobium fredii HH103","Bacteria;Proteobacteria;Alphaproteobacteria","HH103","SAMEA3724788","PRJEA77863","GCA_002900825.1","Scaffold",0.588797,59.55,"plasmid pSfHH103d:CDSA000000000.1","CDSA01",4,1326,"2015-02-06T00:00:00Z","ftp://ftp.ncbi.nlm.nih.gov/genomes/all/GCA/002/900/825/GCA_002900825.1_ASM290082v1",
"Sinorhizobium meliloti WSM4191","Bacteria;Proteobacteria;Alphaproteobacteria","WSM4191","SAMN02440593","PRJNA74467","GCA_000427485.1","Scaffold",7.22757,61,,"ATYC01",6,6497,"2013-07-15T00:00:00Z","ftp://ftp.ncbi.nlm.nih.gov/genomes/all/GCA/000/427/485/GCA_000427485.1_ASM42748v1","ftp://ftp.ncbi.nlm.nih.gov/genomes/all/GCF/000/427/485/GCF_000427485.1_ASM42748v1"
"Sinorhizobium meliloti CIAM1775","Bacteria;Proteobacteria;Alphaproteobacteria","CIAM1775","SAMN02440595","PRJNA78231","GCA_000427585.1","Scaffold",6.71286,62.1,,"ATYH01",108,6220,"2013-07-15T00:00:00Z","ftp://ftp.ncbi.nlm.nih.gov/genomes/all/GCA/000/427/585/GCA_000427585.1_ASM42758v1","ftp://ftp.ncbi.nlm.nih.gov/genomes/all/GCF/000/427/585/GCF_000427585.1_ASM42758v1"
"Sinorhizobium meliloti RRl128","Bacteria;Proteobacteria;Alphaproteobacteria","RRl128","SAMN02441575","PRJNA162989","GCA_000427745.1","Scaffold",6.90027,62,,"ATYP01",156,6339,"2013-07-15T00:00:00Z","ftp://ftp.ncbi.nlm.nih.gov/genomes/all/GCA/000/427/745/GCA_000427745.1_ASM42774v1","ftp://ftp.ncbi.nlm.nih.gov/genomes/all/GCF/000/427/745/GCF_000427745.1_ASM42774v1"
"Sinorhizobium meliloti GVPV12","Bacteria;Proteobacteria;Alphaproteobacteria","GVPV12","SAMN02440602","PRJNA165341","GCA_000428005.1","Scaffold",7.07629,62,,"ATZC01",106,6386,"2013-07-15T00:00:00Z","ftp://ftp.ncbi.nlm.nih.gov/genomes/all/GCA/000/428/005/GCA_000428005.1_ASM42800v1","ftp://ftp.ncbi.nlm.nih.gov/genomes/all/GCF/000/428/005/GCF_000428005.1_ASM42800v1"
"Sinorhizobium meliloti Mlalz-1","Bacteria;Proteobacteria;Alphaproteobacteria","Mlalz-1","SAMN02440882","PRJNA165343","GCA_000428025.1","Scaffold",6.66412,62.2,,"ATZD01",99,6053,"2013-07-15T00:00:00Z","ftp://ftp.ncbi.nlm.nih.gov/genomes/all/GCA/000/428/025/GCA_000428025.1_ASM42802v1","ftp://ftp.ncbi.nlm.nih.gov/genomes/all/GCF/000/428/025/GCF_000428025.1_ASM42802v1"
"Sinorhizobium meliloti BO21CC","Bacteria;Proteobacteria;Alphaproteobacteria","BO21CC","SAMN02440778","PRJNA74719","GCA_000473405.1","Scaffold",6.98904,62.1,,"AXBL01",3,6428,"2013-09-30T00:00:00Z","ftp://ftp.ncbi.nlm.nih.gov/genomes/all/GCA/000/473/405/GCA_000473405.1_ASM47340v1","ftp://ftp.ncbi.nlm.nih.gov/genomes/all/GCF/000/473/405/GCF_000473405.1_ASM47340v1"
"Sinorhizobium meliloti AK58","Bacteria;Proteobacteria;Alphaproteobacteria","AK58","SAMN02440779","PRJNA71315","GCA_000473425.1","Scaffold",6.97433,62,,"AXBM01",9,6400,"2013-09-30T00:00:00Z","ftp://ftp.ncbi.nlm.nih.gov/genomes/all/GCA/000/473/425/GCA_000473425.1_ASM47342v1","ftp://ftp.ncbi.nlm.nih.gov/genomes/all/GCF/000/473/425/GCF_000473425.1_ASM47342v1"
"Sinorhizobium meliloti WSM1022","Bacteria;Proteobacteria;Alphaproteobacteria","WSM1022","SAMN02597176","PRJNA78233","GCA_000510665.1","Scaffold",6.64157,62.2,,"AZNW01",121,6122,"2013-12-17T00:00:00Z","ftp://ftp.ncbi.nlm.nih.gov/genomes/all/GCA/000/510/665/GCA_000510665.1_ASM51066v1","ftp://ftp.ncbi.nlm.nih.gov/genomes/all/GCF/000/510/665/GCF_000510665.1_ASM51066v1"
"Sinorhizobium meliloti CCBAU 01290","Bacteria;Proteobacteria;Alphaproteobacteria","CCBAU 01290","SAMN02388829","PRJNA222410","GCA_002751265.1","Scaffold",6.26909,62.1,,"AYSQ01",21,2274,"2017-11-06T00:00:00Z","ftp://ftp.ncbi.nlm.nih.gov/genomes/all/GCA/002/751/265/GCA_002751265.1_ASM275126v1",
"Sinorhizobium meliloti CCNWSX0020","Bacteria;Proteobacteria;Alphaproteobacteria","CCNWSX0020","SAMN02470710","PRJNA75085","GCA_000236945.2","Contig",7.00159,62,,"AGVV01",233,6379,"2011-12-07T00:00:00Z","ftp://ftp.ncbi.nlm.nih.gov/genomes/all/GCA/000/236/945/GCA_000236945.2_ASM23694v2","ftp://ftp.ncbi.nlm.nih.gov/genomes/all/GCF/000/236/945/GCF_000236945.1_ASM23694v2"
"Sinorhizobium meliloti 4H41","Bacteria;Proteobacteria;Alphaproteobacteria","4H41","SAMN02440409","PRJNA169747","GCA_000375585.1","Contig",6.79564,62,,"AQWP01",47,6136,"2013-04-20T00:00:00Z","ftp://ftp.ncbi.nlm.nih.gov/genomes/all/GCA/000/375/585/GCA_000375585.1_ASM37558v1","ftp://ftp.ncbi.nlm.nih.gov/genomes/all/GCF/000/375/585/GCF_000375585.1_ASM37558v1"
"Sinorhizobium meliloti MVII-I","Bacteria;Proteobacteria;Alphaproteobacteria","MVII-I","SAMN02440921","PRJNA162981","GCA_000419645.1","Contig",7.26529,61.9,,"ATTK01",220,6679,"2013-07-09T00:00:00Z","ftp://ftp.ncbi.nlm.nih.gov/genomes/all/GCA/000/419/645/GCA_000419645.1_ASM41964v1","ftp://ftp.ncbi.nlm.nih.gov/genomes/all/GCF/000/419/645/GCF_000419645.1_ASM41964v1"
"Sinorhizobium meliloti","Bacteria;Proteobacteria;Alphaproteobacteria","L5-30","SAMN03401073","PRJNA277996","GCA_000968555.1","Contig",6.90584,62,,"JZXD01",196,6288,"2015-04-02T00:00:00Z","ftp://ftp.ncbi.nlm.nih.gov/genomes/all/GCA/000/968/555/GCA_000968555.1_Rmel_L5_30_v1","ftp://ftp.ncbi.nlm.nih.gov/genomes/all/GCF/000/968/555/GCF_000968555.1_Rmel_L5_30_v1"
"Sinorhizobium meliloti","Bacteria;Proteobacteria;Alphaproteobacteria","AK555","SAMN08826593","PRJNA448269","GCA_003044175.2","Contig",7.13583,62,,"PZMI02",7,6569,"2018-04-07T00:00:00Z","ftp://ftp.ncbi.nlm.nih.gov/genomes/all/GCA/003/044/175/GCA_003044175.2_ASM304417v2","ftp://ftp.ncbi.nlm.nih.gov/genomes/all/GCF/003/044/175/GCF_003044175.2_ASM304417v2"
"Sinorhizobium meliloti","Bacteria;Proteobacteria;Alphaproteobacteria","CXM1-105","SAMN08826592","PRJNA448269","GCA_003044215.2","Contig",6.78581,62.2,,"PZMJ02",10,6289,"2018-04-07T00:00:00Z","ftp://ftp.ncbi.nlm.nih.gov/genomes/all/GCA/003/044/215/GCA_003044215.2_ASM304421v2","ftp://ftp.ncbi.nlm.nih.gov/genomes/all/GCF/003/044/215/GCF_003044215.2_ASM304421v2"
"Sinorhizobium meliloti C0431A","Bacteria;Proteobacteria;Alphaproteobacteria","C0431A","SAMN02471762","PRJNA167599","GCA_000287375.1","Scaffold",7.08683,62,,"AKZT01",401,5756,"2012-08-13T00:00:00Z","ftp://ftp.ncbi.nlm.nih.gov/genomes/all/GCA/000/287/375/GCA_000287375.1_SMC0431A_v1","ftp://ftp.ncbi.nlm.nih.gov/genomes/all/GCF/000/287/375/GCF_000287375.1_SMC0431A_v1"
"Sinorhizobium meliloti 1A42","Bacteria;Proteobacteria;Alphaproteobacteria","1A42","SAMN02471746","PRJNA167584","GCA_000287435.1","Scaffold",7.16272,62,,"ALAA01",315,5933,"2012-08-13T00:00:00Z","ftp://ftp.ncbi.nlm.nih.gov/genomes/all/GCA/000/287/435/GCA_000287435.1_SM1A42_v1","ftp://ftp.ncbi.nlm.nih.gov/genomes/all/GCF/000/287/435/GCF_000287435.1_SM1A42_v1"
"Sinorhizobium meliloti A0641M","Bacteria;Proteobacteria;Alphaproteobacteria","A0641M","SAMN02471745","PRJNA167594","GCA_000287455.1","Scaffold",7.95371,61.9,,"AKZY01",451,6757,"2012-08-13T00:00:00Z","ftp://ftp.ncbi.nlm.nih.gov/genomes/all/GCA/000/287/455/GCA_000287455.1_SMA0641M_v1","ftp://ftp.ncbi.nlm.nih.gov/genomes/all/GCF/000/287/455/GCF_000287455.1_SMA0641M_v1"
"Sinorhizobium meliloti H1","Bacteria;Proteobacteria;Alphaproteobacteria","H1","SAMN02471761","PRJNA167601","GCA_000287475.1","Scaffold",6.92315,62,,"AKZR01",397,5860,"2012-08-13T00:00:00Z","ftp://ftp.ncbi.nlm.nih.gov/genomes/all/GCA/000/287/475/GCA_000287475.1_SMH1_v1","ftp://ftp.ncbi.nlm.nih.gov/genomes/all/GCF/000/287/475/GCF_000287475.1_SMH1_v1"
"Sinorhizobium meliloti C0438LL","Bacteria;Proteobacteria;Alphaproteobacteria","C0438LL","SAMN02471759","PRJNA167600","GCA_000287495.1","Scaffold",7.06477,62,,"AKZS01",492,5984,"2012-08-13T00:00:00Z","ftp://ftp.ncbi.nlm.nih.gov/genomes/all/GCA/000/287/495/GCA_000287495.1_SMC0438LL_v1","ftp://ftp.ncbi.nlm.nih.gov/genomes/all/GCF/000/287/495/GCF_000287495.1_SMC0438LL_v1"
"Sinorhizobium meliloti AK75","Bacteria;Proteobacteria;Alphaproteobacteria","AK75","SAMN02471744","PRJNA167598","GCA_000287515.2","Scaffold",6.98806,61.9,,"AKZU01",699,5615,"2012-08-13T00:00:00Z","ftp://ftp.ncbi.nlm.nih.gov/genomes/all/GCA/000/287/515/GCA_000287515.2_SMAK75_v1","ftp://ftp.ncbi.nlm.nih.gov/genomes/all/GCF/000/287/515/GCF_000287515.2_SMAK75_v1"
"Sinorhizobium meliloti AK11","Bacteria;Proteobacteria;Alphaproteobacteria","AK11","SAMN02471751","PRJNA167597","GCA_000287535.1","Scaffold",6.84394,62,,"AKZV01",424,5766,"2012-08-13T00:00:00Z","ftp://ftp.ncbi.nlm.nih.gov/genomes/all/GCA/000/287/535/GCA_000287535.1_SMAK11_v1","ftp://ftp.ncbi.nlm.nih.gov/genomes/all/GCF/000/287/535/GCF_000287535.1_SMAK11_v1"
"Sinorhizobium meliloti AE608H","Bacteria;Proteobacteria;Alphaproteobacteria","AE608H","SAMN02471752","PRJNA167596","GCA_000287555.1","Scaffold",7.34718,62,,"AKZW01",223,6893,"2012-08-13T00:00:00Z","ftp://ftp.ncbi.nlm.nih.gov/genomes/all/GCA/000/287/555/GCA_000287555.1_SMAE608H_v1","ftp://ftp.ncbi.nlm.nih.gov/genomes/all/GCF/000/287/555/GCF_000287555.1_SMAE608H_v1"
"Sinorhizobium meliloti A0643DD","Bacteria;Proteobacteria;Alphaproteobacteria","A0643DD","SAMN02471763","PRJNA167595","GCA_000287575.1","Scaffold",7.35191,61.9,,"AKZX01",678,6102,"2012-08-13T00:00:00Z","ftp://ftp.ncbi.nlm.nih.gov/genomes/all/GCA/000/287/575/GCA_000287575.1_SMA0643DD_v1","ftp://ftp.ncbi.nlm.nih.gov/genomes/all/GCF/000/287/575/GCF_000287575.1_SMA0643DD_v1"
"Sinorhizobium meliloti","Bacteria;Proteobacteria;Alphaproteobacteria","AC50a","SAMN07257808","PRJNA390885","GCA_002807095.1","Scaffold",6.86722,62.1,,"NJGD01",231,6213,"2017-12-04T00:00:00Z","ftp://ftp.ncbi.nlm.nih.gov/genomes/all/GCA/002/807/095/GCA_002807095.1_ASM280709v1","ftp://ftp.ncbi.nlm.nih.gov/genomes/all/GCF/002/807/095/GCF_002807095.1_ASM280709v1"
"Sinorhizobium meliloti","Bacteria;Proteobacteria;Alphaproteobacteria","BM806","SAMN08562402","PRJNA434498","GCA_003034185.1","Scaffold",6.83916,62,,"PVNM01",307,6321,"2018-04-04T00:00:00Z","ftp://ftp.ncbi.nlm.nih.gov/genomes/all/GCA/003/034/185/GCA_003034185.1_ASM303418v1","ftp://ftp.ncbi.nlm.nih.gov/genomes/all/GCF/003/034/185/GCF_003034185.1_ASM303418v1"
"Sinorhizobium meliloti","Bacteria;Proteobacteria;Alphaproteobacteria","AK170","SAMN10256575","PRJNA448269","GCA_003692735.1","Scaffold",6.60325,62.2,,"RDQX01",82,6120,"2018-10-29T00:00:00Z","ftp://ftp.ncbi.nlm.nih.gov/genomes/all/GCA/003/692/735/GCA_003692735.1_ASM369273v1","ftp://ftp.ncbi.nlm.nih.gov/genomes/all/GCF/003/692/735/GCF_003692735.1_ASM369273v1"
"Sinorhizobium meliloti","Bacteria;Proteobacteria;Alphaproteobacteria","DSM 23914","SAMN04244576","PRJEB16600","GCA_900107055.1","Scaffold",6.86002,62.1,,"FNOO01",117,6346,"2016-10-22T00:00:00Z","ftp://ftp.ncbi.nlm.nih.gov/genomes/all/GCA/900/107/055/GCA_900107055.1_IMG-taxon_2597490346_annotated_assembly","ftp://ftp.ncbi.nlm.nih.gov/genomes/all/GCF/900/107/055/GCF_900107055.1_IMG-taxon_2597490346_annotated_assembly"
"Sinorhizobium meliloti","Bacteria;Proteobacteria;Alphaproteobacteria","AK83","SAMN04244575","PRJEB16786","GCA_900108935.1","Scaffold",6.91961,62,,"FNYP01",184,6421,"2016-10-29T00:00:00Z","ftp://ftp.ncbi.nlm.nih.gov/genomes/all/GCA/900/108/935/GCA_900108935.1_IMG-taxon_2597490345_annotated_assembly","ftp://ftp.ncbi.nlm.nih.gov/genomes/all/GCF/900/108/935/GCF_900108935.1_IMG-taxon_2597490345_annotated_assembly"
"Sinorhizobium meliloti 5A14","Bacteria;Proteobacteria;Alphaproteobacteria","5A14","SAMN02471750","PRJNA167593","GCA_000287415.1","Scaffold",8.94255,62,,"AKZZ01",217,0,"2012-08-13T00:00:00Z","ftp://ftp.ncbi.nlm.nih.gov/genomes/all/GCA/000/287/415/GCA_000287415.1_SM5A14_v1","ftp://ftp.ncbi.nlm.nih.gov/genomes/all/GCF/000/287/415/GCF_000287415.1_SM5A14_v1"
"Sinorhizobium meliloti 1021","Bacteria;Proteobacteria;Alphaproteobacteria","1021","SAMEA3283068","PRJNA19","GCA_000006965.1","Complete",6.69169,62.1591,"chromosome:NC_003047.1/AL591688.1; plasmid pSymA:NC_003037.1/AE006469.1; plasmid pSymB:NC_003078.1/AL591985.1",,3,6218,"2001-10-05T00:00:00Z","ftp://ftp.ncbi.nlm.nih.gov/genomes/all/GCA/000/006/965/GCA_000006965.1_ASM696v1","ftp://ftp.ncbi.nlm.nih.gov/genomes/all/GCF/000/006/965/GCF_000006965.1_ASM696v1"
"Sinorhizobium fredii NGR234","Bacteria;Proteobacteria;Alphaproteobacteria","NGR234","SAMN02603283","PRJNA21101","GCA_000018545.1","Complete",6.8919,62.4031,"chromosome:NC_012587.1/CP001389.1; plasmid pNGR234a:NC_000914.2/U00090.2; plasmid pNGR234b:NC_012586.1/CP000874.1",,3,6362,"2009-04-22T00:00:00Z","ftp://ftp.ncbi.nlm.nih.gov/genomes/all/GCA/000/018/545/GCA_000018545.1_ASM1854v1","ftp://ftp.ncbi.nlm.nih.gov/genomes/all/GCF/000/018/545/GCF_000018545.1_ASM1854v1"
"Sinorhizobium fredii HH103","Bacteria;Proteobacteria;Alphaproteobacteria","HH103","SAMEA2272089","PRJEA77863","GCA_000283895.1"," Chromosome",7.22119,62.1695,"chromosome:NC_016812.1/HE616890.1; plasmid pSfHH103a:NC_016813.1/HE616891.1; plasmid pSfHH103b:NC_016836.1/HE616892.1; plasmid pSfHH103c:NC_016814.1/HE616893.1; plasmid pSfHH103e:NC_016815.1/HE616899.1",,10,6565,"2011-12-21T00:00:00Z","ftp://ftp.ncbi.nlm.nih.gov/genomes/all/GCA/000/283/895/GCA_000283895.1_ASM28389v1","ftp://ftp.ncbi.nlm.nih.gov/genomes/all/GCF/000/283/895/GCF_000283895.1_ASM28389v1"
"Sinorhizobium meliloti BL225C","Bacteria;Proteobacteria;Alphaproteobacteria","BL225C","SAMN00017103","PRJNA42477","GCA_000147775.3","Complete",6.97879,62.0294,"chromosome:NC_017322.1/CP002740.1; plasmid pSINMEB01:NC_017324.1/CP002741.1; plasmid pSINMEB02:NC_017323.1/CP002742.1",,3,6492,"2011-05-24T00:00:00Z","ftp://ftp.ncbi.nlm.nih.gov/genomes/all/GCA/000/147/775/GCA_000147775.3_ASM14777v3","ftp://ftp.ncbi.nlm.nih.gov/genomes/all/GCF/000/147/775/GCF_000147775.2_ASM14777v3"
"Sinorhizobium meliloti AK83","Bacteria;Proteobacteria;Alphaproteobacteria","AK83","SAMN00017059","PRJNA41993","GCA_000147795.3","Complete",7.14047,61.9493,"chromosome 1:NC_015590.1/CP002781.1; chromosome 2:NC_015596.1/CP002782.1; chromosome 3:NC_015591.1/CP002783.1; plasmid pSINME01:NC_015597.1/CP002784.1; plasmid pSINME02:NC_015592.1/CP002785.1",,5,6633,"2011-05-26T00:00:00Z","ftp://ftp.ncbi.nlm.nih.gov/genomes/all/GCA/000/147/795/GCA_000147795.3_ASM14779v3","ftp://ftp.ncbi.nlm.nih.gov/genomes/all/GCF/000/147/795/GCF_000147795.2_ASM14779v3"
"Sinorhizobium fredii CCBAU 83666","Bacteria;Proteobacteria;Alphaproteobacteria","CCBAU 83666","SAMN07445561","PRJNA353922","GCA_002288485.1","Complete",7.08339,62.138,"chromosome:NZ_CP023070.1/CP023070.1; plasmid pSF83666a:NZ_CP023072.1/CP023072.1; plasmid pSF83666b:NZ_CP023071.1/CP023071.1; plasmid pSF83666d:NZ_CP023073.1/CP023073.1",,4,6304,"2017-09-08T00:00:00Z","ftp://ftp.ncbi.nlm.nih.gov/genomes/all/GCA/002/288/485/GCA_002288485.1_ASM228848v1","ftp://ftp.ncbi.nlm.nih.gov/genomes/all/GCF/002/288/485/GCF_002288485.1_ASM228848v1"
"Sinorhizobium fredii","Bacteria;Proteobacteria;Alphaproteobacteria","NXT3","SAMN07824032","PRJNA415486","GCA_002944405.1","Complete",6.5577,62.3103,"chromosome:NZ_CP024307.1/CP024307.1; plasmid pSfreNXT3a:NZ_CP024308.1/CP024308.1; plasmid pSfreNXT3b:NZ_CP024309.1/CP024309.1; plasmid pSfreNXT3c:NZ_CP024310.1/CP024310.1",,4,5866,"2018-02-02T00:00:00Z","ftp://ftp.ncbi.nlm.nih.gov/genomes/all/GCA/002/944/405/GCA_002944405.1_ASM294440v1","ftp://ftp.ncbi.nlm.nih.gov/genomes/all/GCF/002/944/405/GCF_002944405.1_ASM294440v1"
"Sinorhizobium meliloti SM11","Bacteria;Proteobacteria;Alphaproteobacteria","SM11","SAMN02603056","PRJNA41117","GCA_000218265.1","Complete",7.17374,62.0625,"chromosome:NC_017325.1/CP001830.1; plasmid pSmeSM11c:NC_017327.1/CP001831.1; plasmid pSmeSM11d:NC_017326.1/CP001832.1",,3,6786,"2011-06-14T00:00:00Z","ftp://ftp.ncbi.nlm.nih.gov/genomes/all/GCA/000/218/265/GCA_000218265.1_ASM21826v1","ftp://ftp.ncbi.nlm.nih.gov/genomes/all/GCF/000/218/265/GCF_000218265.1_ASM21826v1"
"Sinorhizobium meliloti Rm41","Bacteria;Proteobacteria;Alphaproteobacteria","Rm41","SAMEA2272434","PRJEB436","GCA_000304415.1","Complete",7.14969,62.0318,"chromosome I:NC_018700.1/HE995405.1; plasmid pRM41A:NC_018682.1/HE995406.1; plasmid pSYMA:NC_018683.1/HE995407.1; plasmid pSYMB:NC_018701.1/HE995408.1",,4,6684,"2012-09-28T00:00:00Z","ftp://ftp.ncbi.nlm.nih.gov/genomes/all/GCA/000/304/415/GCA_000304415.1_RM41","ftp://ftp.ncbi.nlm.nih.gov/genomes/all/GCF/000/304/415/GCF_000304415.1_RM41"
"Sinorhizobium fredii CCBAU 45436","Bacteria;Proteobacteria;Alphaproteobacteria","CCBAU 45436","SAMN03761948","PRJNA285929","GCA_003100575.1","Complete",6.9138,62.2408,"chromosome:NZ_CP029231.1/CP029231.1; plasmid pSF45436a:NZ_CP029233.1/CP029233.1; plasmid pSF45436b:NZ_CP029232.1/CP029232.1; plasmid pSF45436d:NZ_CP029234.1/CP029234.1; plasmid pSF45436e:NZ_CP029235.1/CP029235.1",,5,6198,"2018-05-09T00:00:00Z","ftp://ftp.ncbi.nlm.nih.gov/genomes/all/GCA/003/100/575/GCA_003100575.1_ASM310057v1","ftp://ftp.ncbi.nlm.nih.gov/genomes/all/GCF/003/100/575/GCF_003100575.1_ASM310057v1"
"Sinorhizobium meliloti GR4","Bacteria;Proteobacteria;Alphaproteobacteria","GR4","SAMN02603224","PRJNA175860","GCA_000320385.2","Complete",7.14171,62.0265,"chromosome:NC_019845.2/CP003933.2; plasmid pRmeGR4a:NC_019846.2/CP003934.2; plasmid pRmeGR4b:NC_019847.2/CP003935.2; plasmid pRmeGR4c:NC_019848.2/CP003936.2; plasmid pRmeGR4d:NC_019849.2/CP003937.2",,5,6588,"2012-12-13T00:00:00Z","ftp://ftp.ncbi.nlm.nih.gov/genomes/all/GCA/000/320/385/GCA_000320385.2_ASM32038v2","ftp://ftp.ncbi.nlm.nih.gov/genomes/all/GCF/000/320/385/GCF_000320385.2_ASM32038v2"
"Sinorhizobium meliloti 2011","Bacteria;Proteobacteria;Alphaproteobacteria","2011","SAMN02603522","PRJNA187276","GCA_000346065.1","Complete",6.69318,62.1598,"chromosome:NC_020528.1/CP004140.1; plasmid pSymA:NC_020527.1/CP004138.1; plasmid pSymB:NC_020560.1/CP004139.1",,3,6333,"2013-03-08T00:00:00Z","ftp://ftp.ncbi.nlm.nih.gov/genomes/all/GCA/000/346/065/GCA_000346065.1_ASM34606v1","ftp://ftp.ncbi.nlm.nih.gov/genomes/all/GCF/000/346/065/GCF_000346065.1_ASM34606v1"
"Sinorhizobium meliloti","Bacteria;Proteobacteria;Alphaproteobacteria","RMO17","SAMN02952139","PRJNA244712","GCA_000747295.1","Complete",6.73341,62.2727,"chromosome:NZ_CP009144.1/CP009144.1; plasmid pSymA:NZ_CP009145.1/CP009145.1; plasmid pSymB:NZ_CP009146.1/CP009146.1",,3,6307,"2014-09-03T00:00:00Z","ftp://ftp.ncbi.nlm.nih.gov/genomes/all/GCA/000/747/295/GCA_000747295.1_ASM74729v1","ftp://ftp.ncbi.nlm.nih.gov/genomes/all/GCF/000/747/295/GCF_000747295.1_ASM74729v1"
"Sinorhizobium meliloti RU11/001","Bacteria;Proteobacteria;Alphaproteobacteria","RU11/001","SAMEA3146337","PRJEB4559","GCA_001050915.2","Complete",7.69291,61.8324,"chromosome:NZ_CP021219.1/CP021219.1; plasmid pSmeRU11a:NZ_CP021213.1/CP021213.1; plasmid pSmeRU11b:NZ_CP021214.1/CP021214.1; plasmid pSmeRU11c:NZ_CP021215.1/CP021215.1; plasmid pSmeRU11d:NZ_CP021216.1/CP021216.1; plasmid pSymA:NZ_CP021217.1/CP021217.1; plasmid pSymB:NZ_CP021218.1/CP021218.1",,7,7106,"2017-06-16T00:00:00Z","ftp://ftp.ncbi.nlm.nih.gov/genomes/all/GCA/001/050/915/GCA_001050915.2_ASM105091v2","ftp://ftp.ncbi.nlm.nih.gov/genomes/all/GCF/001/050/915/GCF_001050915.2_ASM105091v2"
"Sinorhizobium meliloti","Bacteria;Proteobacteria;Alphaproteobacteria","USDA1157","SAMN07175169","PRJNA388336","GCA_002197025.1","Complete",7.20585,62.011,"chromosome:NZ_CP021793.1/CP021793.1; plasmid accessoryA:NZ_CP021796.1/CP021796.1; plasmid psymA:NZ_CP021794.1/CP021794.1; plasmid psymB:NZ_CP021795.1/CP021795.1",,4,6720,"2017-06-16T00:00:00Z","ftp://ftp.ncbi.nlm.nih.gov/genomes/all/GCA/002/197/025/GCA_002197025.1_ASM219702v1","ftp://ftp.ncbi.nlm.nih.gov/genomes/all/GCF/002/197/025/GCF_002197025.1_ASM219702v1"
"Sinorhizobium meliloti","Bacteria;Proteobacteria;Alphaproteobacteria","Rm41","SAMN07175165","PRJNA388336","GCA_002197045.1","Complete",7.14024,62.0631,"chromosome:NZ_CP021808.1/CP021808.1; plasmid accessoryA:NZ_CP021811.1/CP021811.1; plasmid psymA:NZ_CP021809.1/CP021809.1; plasmid psymB:NZ_CP021810.1/CP021810.1",,4,6650,"2017-06-16T00:00:00Z","ftp://ftp.ncbi.nlm.nih.gov/genomes/all/GCA/002/197/045/GCA_002197045.1_ASM219704v1","ftp://ftp.ncbi.nlm.nih.gov/genomes/all/GCF/002/197/045/GCF_002197045.1_ASM219704v1"
"Sinorhizobium meliloti","Bacteria;Proteobacteria;Alphaproteobacteria","USDA1106","SAMN07175168","PRJNA388336","GCA_002197065.1","Complete",6.71623,62.1579,"chromosome:NZ_CP021797.1/CP021797.1; plasmid psymA:NZ_CP021798.1/CP021798.1; plasmid psymB:NZ_CP021799.1/CP021799.1",,3,6292,"2017-06-16T00:00:00Z","ftp://ftp.ncbi.nlm.nih.gov/genomes/all/GCA/002/197/065/GCA_002197065.1_ASM219706v1","ftp://ftp.ncbi.nlm.nih.gov/genomes/all/GCF/002/197/065/GCF_002197065.1_ASM219706v1"
"Sinorhizobium meliloti","Bacteria;Proteobacteria;Alphaproteobacteria","M270","SAMN07175164","PRJNA388336","GCA_002197085.1","Complete",7.28182,61.7309,"chromosome:NZ_CP021812.1/CP021812.1; plasmid accessoryA:NZ_CP021815.1/CP021815.1; plasmid accessoryB:NZ_CP021816.1/CP021816.1; plasmid accessoryC:NZ_CP021817.1/CP021817.1; plasmid psymA:NZ_CP021813.1/CP021813.1; plasmid psymB:NZ_CP021814.1/CP021814.1",,6,6557,"2017-06-16T00:00:00Z","ftp://ftp.ncbi.nlm.nih.gov/genomes/all/GCA/002/197/085/GCA_002197085.1_ASM219708v1","ftp://ftp.ncbi.nlm.nih.gov/genomes/all/GCF/002/197/085/GCF_002197085.1_ASM219708v1"
"Sinorhizobium meliloti","Bacteria;Proteobacteria;Alphaproteobacteria","KH35c","SAMN07175161","PRJNA388336","GCA_002197105.1","Complete",6.75079,62.196,"chromosome:NZ_CP021825.1/CP021825.1; plasmid accessoryA:NZ_CP021826.1/CP021826.1; plasmid psymA:NZ_CP021827.1/CP021827.1; plasmid psymB:NZ_CP021828.1/CP021828.1",,4,6208,"2017-06-16T00:00:00Z","ftp://ftp.ncbi.nlm.nih.gov/genomes/all/GCA/002/197/105/GCA_002197105.1_ASM219710v1","ftp://ftp.ncbi.nlm.nih.gov/genomes/all/GCF/002/197/105/GCF_002197105.1_ASM219710v1"
"Sinorhizobium meliloti","Bacteria;Proteobacteria;Alphaproteobacteria","M162","SAMN07175163","PRJNA388336","GCA_002197125.1","Complete",6.80819,62.1459,"chromosome:NZ_CP021818.1/CP021818.1; plasmid accessoryA:NZ_CP021821.1/CP021821.1; plasmid psymA:NZ_CP021819.1/CP021819.1; plasmid psymB:NZ_CP021820.1/CP021820.1",,4,6233,"2017-06-16T00:00:00Z","ftp://ftp.ncbi.nlm.nih.gov/genomes/all/GCA/002/197/125/GCA_002197125.1_ASM219712v1","ftp://ftp.ncbi.nlm.nih.gov/genomes/all/GCF/002/197/125/GCF_002197125.1_ASM219712v1"
"Sinorhizobium meliloti","Bacteria;Proteobacteria;Alphaproteobacteria","T073","SAMN07175166","PRJNA388336","GCA_002197145.1","Complete",7.04263,62.015,"chromosome:NZ_CP021804.1/CP021804.1; plasmid accessoryA:NZ_CP021807.1/CP021807.1; plasmid psymA:NZ_CP021805.1/CP021805.1; plasmid psymB:NZ_CP021806.1/CP021806.1",,4,6430,"2017-06-16T00:00:00Z","ftp://ftp.ncbi.nlm.nih.gov/genomes/all/GCA/002/197/145/GCA_002197145.1_ASM219714v1","ftp://ftp.ncbi.nlm.nih.gov/genomes/all/GCF/002/197/145/GCF_002197145.1_ASM219714v1"
"Sinorhizobium meliloti","Bacteria;Proteobacteria;Alphaproteobacteria","HM006","SAMN07175160","PRJNA388336","GCA_002197165.1","Complete",6.99772,62.1138,"chromosome:NZ_CP021829.1/CP021829.1; plasmid accessoryA:NZ_CP021832.1/CP021832.1; plasmid psymA:NZ_CP021830.1/CP021830.1; plasmid psymB:NZ_CP021831.1/CP021831.1",,4,6446,"2017-06-16T00:00:00Z","ftp://ftp.ncbi.nlm.nih.gov/genomes/all/GCA/002/197/165/GCA_002197165.1_ASM219716v1","ftp://ftp.ncbi.nlm.nih.gov/genomes/all/GCF/002/197/165/GCF_002197165.1_ASM219716v1"
"Sinorhizobium meliloti","Bacteria;Proteobacteria;Alphaproteobacteria","USDA1021","SAMN07175167","PRJNA388336","GCA_002197445.1","Complete",7.14794,62.0537,"chromosome:NZ_CP021800.1/CP021800.1; plasmid accessoryA:NZ_CP021803.1/CP021803.1; plasmid psymA:NZ_CP021801.1/CP021801.1; plasmid psymB:NZ_CP021802.1/CP021802.1",,4,6631,"2017-06-16T00:00:00Z","ftp://ftp.ncbi.nlm.nih.gov/genomes/all/GCA/002/197/445/GCA_002197445.1_ASM219744v1","ftp://ftp.ncbi.nlm.nih.gov/genomes/all/GCF/002/197/445/GCF_002197445.1_ASM219744v1"
"Sinorhizobium meliloti","Bacteria;Proteobacteria;Alphaproteobacteria","KH46","SAMN07175162","PRJNA388336","GCA_002197465.1","Complete",6.98113,62.1014,"chromosome:NZ_CP021822.1/CP021822.1; plasmid psymA:NZ_CP021824.1/CP021824.1; plasmid psymB:NZ_CP021823.1/CP021823.1",,3,6506,"2017-06-16T00:00:00Z","ftp://ftp.ncbi.nlm.nih.gov/genomes/all/GCA/002/197/465/GCA_002197465.1_ASM219746v1","ftp://ftp.ncbi.nlm.nih.gov/genomes/all/GCF/002/197/465/GCF_002197465.1_ASM219746v1"
"Sinorhizobium meliloti","Bacteria;Proteobacteria;Alphaproteobacteria","CCMM B554 (FSM-MA)","SAMN06284128","PRJNA369312","GCA_002215195.1","Complete",6.704,62.2385,"chromosome:NZ_CP019584.1/CP019584.1; plasmid pSymA:NZ_CP019585.1/CP019585.1; plasmid pSymB:NZ_CP019586.1/CP019586.1",,3,6176,"2017-07-06T00:00:00Z","ftp://ftp.ncbi.nlm.nih.gov/genomes/all/GCA/002/215/195/GCA_002215195.1_ASM221519v1","ftp://ftp.ncbi.nlm.nih.gov/genomes/all/GCF/002/215/195/GCF_002215195.1_ASM221519v1"
"Sinorhizobium meliloti","Bacteria;Proteobacteria;Alphaproteobacteria","B401","SAMN06227501","PRJNA361251","GCA_002302355.1","Complete",6.141,62.3939,"chromosome:NZ_CP019485.1/CP019485.1; plasmid pSymA:NZ_CP019483.1/CP019483.1; plasmid pSymB:NZ_CP019484.1/CP019484.1",,3,5695,"2017-09-14T00:00:00Z","ftp://ftp.ncbi.nlm.nih.gov/genomes/all/GCA/002/302/355/GCA_002302355.1_ASM230235v1","ftp://ftp.ncbi.nlm.nih.gov/genomes/all/GCF/002/302/355/GCF_002302355.1_ASM230235v1"
"Sinorhizobium meliloti","Bacteria;Proteobacteria;Alphaproteobacteria","B399","SAMN06229775","PRJNA361265","GCA_002302375.1","Complete",6.47257,62.396,"chromosome:NZ_CP019488.1/CP019488.1; plasmid pSym:NZ_CP019487.1/CP019487.1; plasmid pSymA:NZ_CP019486.1/CP019486.1",,3,5995,"2017-09-14T00:00:00Z","ftp://ftp.ncbi.nlm.nih.gov/genomes/all/GCA/002/302/375/GCA_002302375.1_ASM230237v1","ftp://ftp.ncbi.nlm.nih.gov/genomes/all/GCF/002/302/375/GCF_002302375.1_ASM230237v1"
#Organism Name,Organism Groups,Strain,BioSample,BioProject,Assembly,Level,Size(Mb),GC%,Replicons,WGS,Scaffolds,CDS,Release Date,GenBank FTP,RefSeq FTP
"Ensifer aridi","Bacteria;Proteobacteria;Alphaproteobacteria","TW10","SAMN02597177","PRJNA210334","GCA_000510685.1","Scaffold",6.80226,61.6,,"AZNX01",57,6028,"2013-12-17T00:00:00Z","ftp://ftp.ncbi.nlm.nih.gov/genomes/all/GCA/000/510/685/GCA_000510685.1_ASM51068v1","ftp://ftp.ncbi.nlm.nih.gov/genomes/all/GCF/000/510/685/GCF_000510685.1_ASM51068v1"
"Ensifer sojae CCBAU 05684","Bacteria;Proteobacteria;Alphaproteobacteria","CCBAU 05684","SAMN02469481","PRJNA77219","GCA_000261485.1","Contig",5.96434,62,,"AJQT01",231,5353,"2012-05-03T00:00:00Z","ftp://ftp.ncbi.nlm.nih.gov/genomes/all/GCA/000/261/485/GCA_000261485.1_05684","ftp://ftp.ncbi.nlm.nih.gov/genomes/all/GCF/000/261/485/GCF_000261485.1_05684"
"Ensifer sp. BR816","Bacteria;Proteobacteria;Alphaproteobacteria","BR816","SAMN02261311","PRJNA83955","GCA_000378985.1","Scaffold",6.95153,62.3,,"AQZQ01",3,6241,"2013-04-22T00:00:00Z","ftp://ftp.ncbi.nlm.nih.gov/genomes/all/GCA/000/378/985/GCA_000378985.1_ASM37898v1","ftp://ftp.ncbi.nlm.nih.gov/genomes/all/GCF/000/378/985/GCF_000378985.1_ASM37898v1"
"Ensifer glycinis","Bacteria;Proteobacteria;Alphaproteobacteria","CCBAU 23380","SAMN04274561","PRJNA302535","GCA_001651865.1","Contig",6.03929,62.4,,"LPUX01",68,5410,"2016-05-25T00:00:00Z","ftp://ftp.ncbi.nlm.nih.gov/genomes/all/GCA/001/651/865/GCA_001651865.1_ASM165186v1","ftp://ftp.ncbi.nlm.nih.gov/genomes/all/GCF/001/651/865/GCF_001651865.1_ASM165186v1"
"Ensifer shofinae","Bacteria;Proteobacteria;Alphaproteobacteria","CCBAU 251167","SAMN05411298","PRJNA329040","GCA_001704765.1","Contig",6.21479,61.6,,"MBFK01",207,0,"2016-08-14T00:00:00Z","ftp://ftp.ncbi.nlm.nih.gov/genomes/all/GCA/001/704/765/GCA_001704765.1_ASM170476v1","ftp://ftp.ncbi.nlm.nih.gov/genomes/all/GCF/001/704/765/GCF_001704765.1_ASM170476v1"
"Ensifer alkalisoli","Bacteria;Proteobacteria;Alphaproteobacteria","YIC4027","SAMN05006708","PRJNA321922","GCA_001723275.1","Scaffold",5.97332,62.2,,"LYBW01",66,5330,"2016-09-12T00:00:00Z","ftp://ftp.ncbi.nlm.nih.gov/genomes/all/GCA/001/723/275/GCA_001723275.1_ASM172327v1","ftp://ftp.ncbi.nlm.nih.gov/genomes/all/GCF/001/723/275/GCF_001723275.1_ASM172327v1"
"Ensifer aridi","Bacteria;Proteobacteria;Alphaproteobacteria","LMR001","SAMN04455909","PRJNA312299","GCA_002078505.1","Scaffold",6.60981,61.7,,"LUAV01",79,5883,"2017-04-04T00:00:00Z","ftp://ftp.ncbi.nlm.nih.gov/genomes/all/GCA/002/078/505/GCA_002078505.1_ASM207850v1","ftp://ftp.ncbi.nlm.nih.gov/genomes/all/GCF/002/078/505/GCF_002078505.1_ASM207850v1"
"Ensifer sp. WSM1721","Bacteria;Proteobacteria;Alphaproteobacteria","WSM1721","SAMN02597201","PRJNA209495","GCA_000513895.1","Scaffold",6.29218,61.8,,"AZUW01",68,5683,"2014-01-03T00:00:00Z","ftp://ftp.ncbi.nlm.nih.gov/genomes/all/GCA/000/513/895/GCA_000513895.1_ASM51389v1","ftp://ftp.ncbi.nlm.nih.gov/genomes/all/GCF/000/513/895/GCF_000513895.1_ASM51389v1"
"Ensifer sp. USDA 6670","Bacteria;Proteobacteria;Alphaproteobacteria","USDA 6670","SAMN02440578","PRJNA195752","GCA_000421085.1","Contig",6.81345,61.9,,"ATWE01",73,6175,"2013-07-09T00:00:00Z","ftp://ftp.ncbi.nlm.nih.gov/genomes/all/GCA/000/421/085/GCA_000421085.1_ASM42108v1","ftp://ftp.ncbi.nlm.nih.gov/genomes/all/GCF/000/421/085/GCF_000421085.1_ASM42108v1"
"Ensifer aridi","Bacteria;Proteobacteria;Alphaproteobacteria","LEM451","SAMN04492863","PRJNA312299","GCA_002093415.1","Scaffold",6.63628,61.8,,"LUFV01",119,5974,"2017-04-14T00:00:00Z","ftp://ftp.ncbi.nlm.nih.gov/genomes/all/GCA/002/093/415/GCA_002093415.1_ASM209341v1","ftp://ftp.ncbi.nlm.nih.gov/genomes/all/GCF/002/093/415/GCF_002093415.1_ASM209341v1"
"Ensifer aridi","Bacteria;Proteobacteria;Alphaproteobacteria","LMR013","SAMN04457464","PRJNA312299","GCA_002093435.1","Scaffold",6.78949,61.6,,"LUFU01",185,6022,"2017-04-14T00:00:00Z","ftp://ftp.ncbi.nlm.nih.gov/genomes/all/GCA/002/093/435/GCA_002093435.1_ASM209343v1","ftp://ftp.ncbi.nlm.nih.gov/genomes/all/GCF/002/093/435/GCF_002093435.1_ASM209343v1"
"Ensifer sp. Root1298","Bacteria;Proteobacteria;Alphaproteobacteria","Root1298","SAMN04155718","PRJNA297942","GCA_001426365.1","Contig",7.47346,62.2,,"LMEN01",39,6772,"2015-11-02T00:00:00Z","ftp://ftp.ncbi.nlm.nih.gov/genomes/all/GCA/001/426/365/GCA_001426365.1_Root1298","ftp://ftp.ncbi.nlm.nih.gov/genomes/all/GCF/001/426/365/GCF_001426365.1_Root1298"
"Ensifer sp. Root1312","Bacteria;Proteobacteria;Alphaproteobacteria","Root1312","SAMN04155722","PRJNA297942","GCA_001426465.1","Contig",7.47361,62.2,,"LMES01",38,6797,"2015-11-02T00:00:00Z","ftp://ftp.ncbi.nlm.nih.gov/genomes/all/GCA/001/426/465/GCA_001426465.1_Root1312","ftp://ftp.ncbi.nlm.nih.gov/genomes/all/GCF/001/426/465/GCF_001426465.1_Root1312"
"Ensifer aridi","Bacteria;Proteobacteria;Alphaproteobacteria","LEM457","SAMN04492864","PRJNA312299","GCA_002093495.1","Scaffold",6.42502,61.8,,"LUFW01",193,5789,"2017-04-14T00:00:00Z","ftp://ftp.ncbi.nlm.nih.gov/genomes/all/GCA/002/093/495/GCA_002093495.1_ASM209349v1","ftp://ftp.ncbi.nlm.nih.gov/genomes/all/GCF/002/093/495/GCF_002093495.1_ASM209349v1"
"Ensifer aridi","Bacteria;Proteobacteria;Alphaproteobacteria","JNVU TP6","SAMN04493264","PRJNA312299","GCA_002093525.1","Scaffold",6.84828,61.6,,"LUFX01",161,6096,"2017-04-14T00:00:00Z","ftp://ftp.ncbi.nlm.nih.gov/genomes/all/GCA/002/093/525/GCA_002093525.1_ASM209352v1","ftp://ftp.ncbi.nlm.nih.gov/genomes/all/GCF/002/093/525/GCF_002093525.1_ASM209352v1"
"Ensifer sp. Root74","Bacteria;Proteobacteria;Alphaproteobacteria","Root74","SAMN04155866","PRJNA297942","GCA_001429125.1","Contig",7.48034,62.2,,"LMII01",42,6780,"2015-11-02T00:00:00Z","ftp://ftp.ncbi.nlm.nih.gov/genomes/all/GCA/001/429/125/GCA_001429125.1_Root74","ftp://ftp.ncbi.nlm.nih.gov/genomes/all/GCF/001/429/125/GCF_001429125.1_Root74"
"Ensifer sp. LC14","Bacteria;Proteobacteria;Alphaproteobacteria","LC14","SAMN05384000","PRJNA328912","GCA_001695785.1","Contig",6.22518,62.2,,"MBSQ01",74,5666,"2016-07-28T00:00:00Z","ftp://ftp.ncbi.nlm.nih.gov/genomes/all/GCA/001/695/785/GCA_001695785.1_ASM169578v1","ftp://ftp.ncbi.nlm.nih.gov/genomes/all/GCF/001/695/785/GCF_001695785.1_ASM169578v1"
"Ensifer sp. LC13","Bacteria;Proteobacteria;Alphaproteobacteria","LC13","SAMN05383998","PRJNA328912","GCA_001695795.1","Contig",6.21783,62.2,,"MBSP01",74,5664,"2016-07-28T00:00:00Z","ftp://ftp.ncbi.nlm.nih.gov/genomes/all/GCA/001/695/795/GCA_001695795.1_LC13_v1","ftp://ftp.ncbi.nlm.nih.gov/genomes/all/GCF/001/695/795/GCF_001695795.1_LC13_v1"
"Ensifer sp. LC11","Bacteria;Proteobacteria;Alphaproteobacteria","LC11","SAMN05383995","PRJNA328912","GCA_001695835.1","Contig",6.21721,62.2,,"MBSO01",73,5662,"2016-07-28T00:00:00Z","ftp://ftp.ncbi.nlm.nih.gov/genomes/all/GCA/001/695/835/GCA_001695835.1_LC11_v1","ftp://ftp.ncbi.nlm.nih.gov/genomes/all/GCF/001/695/835/GCF_001695835.1_LC11_v1"
"Ensifer sp. LC163","Bacteria;Proteobacteria;Alphaproteobacteria","LC163","SAMN05384004","PRJNA328912","GCA_001695855.1","Contig",6.52151,62,,"MBSS01",68,5893,"2016-07-28T00:00:00Z","ftp://ftp.ncbi.nlm.nih.gov/genomes/all/GCA/001/695/855/GCA_001695855.1_LC163_v1","ftp://ftp.ncbi.nlm.nih.gov/genomes/all/GCF/001/695/855/GCF_001695855.1_LC163_v1"
"Ensifer sp. LC384","Bacteria;Proteobacteria;Alphaproteobacteria","LC384","SAMN05384005","PRJNA328912","GCA_001695865.1","Contig",7.0337,61.8,,"MBST01",92,6386,"2016-07-28T00:00:00Z","ftp://ftp.ncbi.nlm.nih.gov/genomes/all/GCA/001/695/865/GCA_001695865.1_LC384_v1","ftp://ftp.ncbi.nlm.nih.gov/genomes/all/GCF/001/695/865/GCF_001695865.1_LC384_v1"
"Ensifer sp. LC499","Bacteria;Proteobacteria;Alphaproteobacteria","LC499","SAMN05384006","PRJNA328912","GCA_001695895.1","Contig",6.21748,62.2,,"MBSU01",73,5662,"2016-07-28T00:00:00Z","ftp://ftp.ncbi.nlm.nih.gov/genomes/all/GCA/001/695/895/GCA_001695895.1_LC499_v1","ftp://ftp.ncbi.nlm.nih.gov/genomes/all/GCF/001/695/895/GCF_001695895.1_LC499_v1"
"Ensifer sp. LC54","Bacteria;Proteobacteria;Alphaproteobacteria","LC54","SAMN05384003","PRJNA328912","GCA_001695905.1","Contig",7.0262,61.8,,"MBSR01",131,6367,"2016-07-28T00:00:00Z","ftp://ftp.ncbi.nlm.nih.gov/genomes/all/GCA/001/695/905/GCA_001695905.1_LC54_v1","ftp://ftp.ncbi.nlm.nih.gov/genomes/all/GCF/001/695/905/GCF_001695905.1_LC54_v1"
"Ensifer sp. LCM 4579","Bacteria;Proteobacteria;Alphaproteobacteria","LCM 4579","SAMN04964169","PRJNA321041","GCA_001854885.1","Contig",6.13741,62.2,,"MDDV01",61,5525,"2016-10-26T00:00:00Z","ftp://ftp.ncbi.nlm.nih.gov/genomes/all/GCA/001/854/885/GCA_001854885.1_ASM185488v1","ftp://ftp.ncbi.nlm.nih.gov/genomes/all/GCF/001/854/885/GCF_001854885.1_ASM185488v1"
"Ensifer sp. 1H6","Bacteria;Proteobacteria;Alphaproteobacteria","1H6","SAMN05919926","PRJNA349070","GCA_001976035.1","Contig",7.26605,61.4,,"MOAI01",87,6362,"2017-01-31T00:00:00Z","ftp://ftp.ncbi.nlm.nih.gov/genomes/all/GCA/001/976/035/GCA_001976035.1_ASM197603v1","ftp://ftp.ncbi.nlm.nih.gov/genomes/all/GCF/001/976/035/GCF_001976035.1_ASM197603v1"
"Ensifer sp. MMN_5","Bacteria;Proteobacteria;Alphaproteobacteria","MMN_5","SAMN07654031","PRJNA407431","GCA_002885935.1","Contig",6.62324,62.2,,"NWVF01",110,6060,"2018-01-16T00:00:00Z","ftp://ftp.ncbi.nlm.nih.gov/genomes/all/GCA/002/885/935/GCA_002885935.1_ASM288593v1","ftp://ftp.ncbi.nlm.nih.gov/genomes/all/GCF/002/885/935/GCF_002885935.1_ASM288593v1"
"Ensifer sp. T2_8","Bacteria;Proteobacteria;Alphaproteobacteria","T2_8","SAMN07680415","PRJNA408218","GCA_002892495.1","Contig",6.62616,62.3,,"NWVT01",121,6174,"2018-01-18T00:00:00Z","ftp://ftp.ncbi.nlm.nih.gov/genomes/all/GCA/002/892/495/GCA_002892495.1_ASM289249v1","ftp://ftp.ncbi.nlm.nih.gov/genomes/all/GCF/002/892/495/GCF_002892495.1_ASM289249v1"
"Ensifer sp. NM-2","Bacteria;Proteobacteria;Alphaproteobacteria","NM-2","SAMN08661303","PRJNA437390","GCA_003024455.1","Contig",8.06621,61,,"PVZR01",223,7303,"2018-03-28T00:00:00Z","ftp://ftp.ncbi.nlm.nih.gov/genomes/all/GCA/003/024/455/GCA_003024455.1_ASM302445v1","ftp://ftp.ncbi.nlm.nih.gov/genomes/all/GCF/003/024/455/GCF_003024455.1_ASM302445v1"
"Ensifer sp. ZNC0028","Bacteria;Proteobacteria;Alphaproteobacteria","ZNC0028","SAMN03021517","PRJNA205580","GCA_000799055.1","Scaffold",6.94626,62.8,,"JTLA01",307,6314,"2014-12-08T00:00:00Z","ftp://ftp.ncbi.nlm.nih.gov/genomes/all/GCA/000/799/055/GCA_000799055.1_ZNC0028.1","ftp://ftp.ncbi.nlm.nih.gov/genomes/all/GCF/000/799/055/GCF_000799055.1_ZNC0028.1"
"Ensifer sp. Root31","Bacteria;Proteobacteria;Alphaproteobacteria","Root31","SAMN04155781","PRJNA297942","GCA_001424825.1","Scaffold",8.06965,61,,"LMCO01",67,7322,"2015-11-02T00:00:00Z","ftp://ftp.ncbi.nlm.nih.gov/genomes/all/GCA/001/424/825/GCA_001424825.1_Root31","ftp://ftp.ncbi.nlm.nih.gov/genomes/all/GCF/001/424/825/GCF_001424825.1_Root31"
"Ensifer sp. Root127","Bacteria;Proteobacteria;Alphaproteobacteria","Root127","SAMN04155709","PRJNA297942","GCA_001425225.1","Scaffold",7.89072,61,,"LMDX01",54,7172,"2015-11-02T00:00:00Z","ftp://ftp.ncbi.nlm.nih.gov/genomes/all/GCA/001/425/225/GCA_001425225.1_Root127","ftp://ftp.ncbi.nlm.nih.gov/genomes/all/GCF/001/425/225/GCF_001425225.1_Root127"
"Ensifer sp. Root1252","Bacteria;Proteobacteria;Alphaproteobacteria","Root1252","SAMN04155707","PRJNA297942","GCA_001425885.1","Scaffold",7.72207,61.1,,"LMDT01",59,7033,"2015-11-02T00:00:00Z","ftp://ftp.ncbi.nlm.nih.gov/genomes/all/GCA/001/425/885/GCA_001425885.1_Root1252","ftp://ftp.ncbi.nlm.nih.gov/genomes/all/GCF/001/425/885/GCF_001425885.1_Root1252"
"Ensifer sp. Root423","Bacteria;Proteobacteria;Alphaproteobacteria","Root423","SAMN04155803","PRJNA297942","GCA_001426275.1","Scaffold",7.30652,62.3,,"LMEG01",47,6621,"2015-11-02T00:00:00Z","ftp://ftp.ncbi.nlm.nih.gov/genomes/all/GCA/001/426/275/GCA_001426275.1_Root423","ftp://ftp.ncbi.nlm.nih.gov/genomes/all/GCF/001/426/275/GCF_001426275.1_Root423"
"Ensifer sp. Root142","Bacteria;Proteobacteria;Alphaproteobacteria","Root142","SAMN04155730","PRJNA297942","GCA_001426785.1","Scaffold",7.75676,61.1,,"LMFK01",49,7062,"2015-11-02T00:00:00Z","ftp://ftp.ncbi.nlm.nih.gov/genomes/all/GCA/001/426/785/GCA_001426785.1_Root142","ftp://ftp.ncbi.nlm.nih.gov/genomes/all/GCF/001/426/785/GCF_001426785.1_Root142"
"Ensifer sp. Root558","Bacteria;Proteobacteria;Alphaproteobacteria","Root558","SAMN04155827","PRJNA297942","GCA_001427045.1","Scaffold",7.18431,62.3,,"LMGC01",39,6567,"2015-11-02T00:00:00Z","ftp://ftp.ncbi.nlm.nih.gov/genomes/all/GCA/001/427/045/GCA_001427045.1_Root558","ftp://ftp.ncbi.nlm.nih.gov/genomes/all/GCF/001/427/045/GCF_001427045.1_Root558"
"Ensifer sp. Root231","Bacteria;Proteobacteria;Alphaproteobacteria","Root231","SAMN04155766","PRJNA297942","GCA_001428785.1","Scaffold",7.71719,61.1,,"LMIQ01",40,7028,"2015-11-02T00:00:00Z","ftp://ftp.ncbi.nlm.nih.gov/genomes/all/GCA/001/428/785/GCA_001428785.1_Root231","ftp://ftp.ncbi.nlm.nih.gov/genomes/all/GCF/001/428/785/GCF_001428785.1_Root231"
"Ensifer sp. Root954","Bacteria;Proteobacteria;Alphaproteobacteria","Root954","SAMN04155880","PRJNA297942","GCA_001429005.1","Scaffold",7.45705,62.2,,"LMJM01",54,6750,"2015-11-02T00:00:00Z","ftp://ftp.ncbi.nlm.nih.gov/genomes/all/GCA/001/429/005/GCA_001429005.1_Root954","ftp://ftp.ncbi.nlm.nih.gov/genomes/all/GCF/001/429/005/GCF_001429005.1_Root954"
"Ensifer sp. Root278","Bacteria;Proteobacteria;Alphaproteobacteria","Root278","SAMN04155778","PRJNA297942","GCA_001429285.1","Scaffold",7.09546,62.1,,"LMJJ01",44,6446,"2015-11-02T00:00:00Z","ftp://ftp.ncbi.nlm.nih.gov/genomes/all/GCA/001/429/285/GCA_001429285.1_Root278","ftp://ftp.ncbi.nlm.nih.gov/genomes/all/GCF/001/429/285/GCF_001429285.1_Root278"
"Ensifer sp. Root258","Bacteria;Proteobacteria;Alphaproteobacteria","Root258","SAMN04155771","PRJNA297942","GCA_001429745.1","Scaffold",7.72943,61.1,,"LMIX01",53,7040,"2015-11-02T00:00:00Z","ftp://ftp.ncbi.nlm.nih.gov/genomes/all/GCA/001/429/745/GCA_001429745.1_Root258","ftp://ftp.ncbi.nlm.nih.gov/genomes/all/GCF/001/429/745/GCF_001429745.1_Root258"
"Ensifer sp. AP48","Bacteria;Proteobacteria;Alphaproteobacteria","AP48","SAMN08776231","PRJNA440749","GCA_003208275.1","Scaffold",7.38552,61.9,,"QKLQ01",91,6747,"2018-06-12T00:00:00Z","ftp://ftp.ncbi.nlm.nih.gov/genomes/all/GCA/003/208/275/GCA_003208275.1_ASM320827v1","ftp://ftp.ncbi.nlm.nih.gov/genomes/all/GCF/003/208/275/GCF_003208275.1_ASM320827v1"
"Ensifer sp. M14","Bacteria;Proteobacteria;Alphaproteobacteria","M14","SAMN09254189","PRJNA472957","GCA_003355565.1","Scaffold",7.34525,61.5,,"QJNR01",45,6716,"2018-08-03T00:00:00Z","ftp://ftp.ncbi.nlm.nih.gov/genomes/all/GCA/003/355/565/GCA_003355565.1_ASM335556v1","ftp://ftp.ncbi.nlm.nih.gov/genomes/all/GCF/003/355/565/GCF_003355565.1_ASM335556v1"
"Ensifer sp. YR511","Bacteria;Proteobacteria;Alphaproteobacteria","YR511","SAMN05216328","PRJEB16160","GCA_900103045.1","Scaffold",8.25832,61.8,,"FNGR01",91,7376,"2016-10-20T00:00:00Z","ftp://ftp.ncbi.nlm.nih.gov/genomes/all/GCA/900/103/045/GCA_900103045.1_IMG-taxon_2615840643_annotated_assembly","ftp://ftp.ncbi.nlm.nih.gov/genomes/all/GCF/900/103/045/GCF_900103045.1_IMG-taxon_2615840643_annotated_assembly"
"Ensifer sp. OV372","Bacteria;Proteobacteria;Alphaproteobacteria","OV372","SAMN05216459","PRJEB17291","GCA_900113205.1","Scaffold",7.32829,62.3,,"FOON01",67,6747,"2016-10-31T00:00:00Z","ftp://ftp.ncbi.nlm.nih.gov/genomes/all/GCA/900/113/205/GCA_900113205.1_IMG-taxon_2609459711_annotated_assembly","ftp://ftp.ncbi.nlm.nih.gov/genomes/all/GCF/900/113/205/GCF_900113205.1_IMG-taxon_2609459711_annotated_assembly"
"Ensifer adhaerens","Bacteria;Proteobacteria;Alphaproteobacteria","Casida A","SAMN02781308","PRJNA247817","GCA_000697965.2","Complete",7.2675,62.298,"chromosome:NZ_CP015880.1/CP015880.1; plasmid pCasidaAA:NZ_CP015881.1/CP015881.1; plasmid pCasidaAB:NZ_CP015882.1/CP015882.1",,3,6641,"2016-06-16T00:00:00Z","ftp://ftp.ncbi.nlm.nih.gov/genomes/all/GCA/000/697/965/GCA_000697965.2_ASM69796v2","ftp://ftp.ncbi.nlm.nih.gov/genomes/all/GCF/000/697/965/GCF_000697965.2_ASM69796v2"
"Ensifer sojae CCBAU 05684","Bacteria;Proteobacteria;Alphaproteobacteria","CCBAU 05684","SAMN07445560","PRJNA353922","GCA_002288525.1","Complete",6.09403,62.0061,"chromosome:NZ_CP023067.1/CP023067.1; plasmid pSJ05684a:NZ_CP023069.1/CP023069.1; plasmid pSJ05684b:NZ_CP023068.1/CP023068.1",,3,5474,"2017-09-08T00:00:00Z","ftp://ftp.ncbi.nlm.nih.gov/genomes/all/GCA/002/288/525/GCA_002288525.1_ASM228852v1","ftp://ftp.ncbi.nlm.nih.gov/genomes/all/GCF/002/288/525/GCF_002288525.1_ASM228852v1"
"Ensifer adhaerens","Bacteria;Proteobacteria;Alphaproteobacteria","SD006","SAMN03838273","PRJNA288791","GCA_001270265.1","Contig",7.45954,61.5,,"LGAP01",99,6718,"2015-08-18T00:00:00Z","ftp://ftp.ncbi.nlm.nih.gov/genomes/all/GCA/001/270/265/GCA_001270265.1_SD006_V1","ftp://ftp.ncbi.nlm.nih.gov/genomes/all/GCF/001/270/265/GCF_001270265.1_SD006_V1"
"Ensifer adhaerens","Bacteria;Proteobacteria;Alphaproteobacteria","M78","SAMN05323829","PRJNA327181","GCA_001683495.1","Contig",6.93749,62.2,,"MAUG01",65,6279,"2016-07-11T00:00:00Z","ftp://ftp.ncbi.nlm.nih.gov/genomes/all/GCA/001/683/495/GCA_001683495.1_ASM168349v1","ftp://ftp.ncbi.nlm.nih.gov/genomes/all/GCF/001/683/495/GCF_001683495.1_ASM168349v1"
"Ensifer adhaerens","Bacteria;Proteobacteria;Alphaproteobacteria","L18","SAMN03470198","PRJNA280851","GCA_002007205.1","Contig",6.8741,62.8,,"LAZS01",22,6321,"2017-02-27T00:00:00Z","ftp://ftp.ncbi.nlm.nih.gov/genomes/all/GCA/002/007/205/GCA_002007205.1_ASM200720v1","ftp://ftp.ncbi.nlm.nih.gov/genomes/all/GCF/002/007/205/GCF_002007205.1_ASM200720v1"
"Ensifer adhaerens","Bacteria;Proteobacteria;Alphaproteobacteria","ST2","SAMN08294902","PRJNA428541","GCA_002940685.1","Contig",7.52371,62.8,,"PNFP01",82,6921,"2018-02-24T00:00:00Z","ftp://ftp.ncbi.nlm.nih.gov/genomes/all/GCA/002/940/685/GCA_002940685.1_ASM294068v1","ftp://ftp.ncbi.nlm.nih.gov/genomes/all/GCF/002/940/685/GCF_002940685.1_ASM294068v1"
"Ensifer adhaerens","Bacteria;Proteobacteria;Alphaproteobacteria","WJB133 25_10","SAMN09074761","PRJNA463434","GCA_003217195.1","Contig",7.17439,62.3,,"QJTB01",46,6539,"2018-06-12T00:00:00Z","ftp://ftp.ncbi.nlm.nih.gov/genomes/all/GCA/003/217/195/GCA_003217195.1_ASM321719v1","ftp://ftp.ncbi.nlm.nih.gov/genomes/all/GCF/003/217/195/GCF_003217195.1_ASM321719v1"
"Ensifer adhaerens","Bacteria;Proteobacteria;Alphaproteobacteria","AG1206","SAMN09083424","PRJNA456365","GCA_003269115.1","Scaffold",7.37193,62.2,,"QLTH01",93,6800,"2018-06-27T00:00:00Z","ftp://ftp.ncbi.nlm.nih.gov/genomes/all/GCA/003/269/115/GCA_003269115.1_ASM326911v1","ftp://ftp.ncbi.nlm.nih.gov/genomes/all/GCF/003/269/115/GCF_003269115.1_ASM326911v1"
"Ensifer adhaerens","Bacteria;Proteobacteria;Alphaproteobacteria","X097","SAMN06118451","PRJNA356665","GCA_001938465.1","Scaffold",7.33099,62.2,,"MRVD01",204,6316,"2016-12-19T00:00:00Z","ftp://ftp.ncbi.nlm.nih.gov/genomes/all/GCA/001/938/465/GCA_001938465.1_ASM193846v1",
"Ensifer adhaerens OV14","Bacteria;Proteobacteria;Alphaproteobacteria","OV14","SAMN03081535","PRJNA226081","GCA_000583045.1"," Chromosome",7.70901,61.2768,"chromosome 1:NZ_CP007236.1/CP007236.1; chromosome 2:NZ_CP007237.1/CP007237.1; plasmid pOV14b:NZ_CP007239.1/CP007239.1; plasmid pOV14c:NZ_CP007238.1/CP007238.1",,4,7033,"2014-02-28T00:00:00Z","ftp://ftp.ncbi.nlm.nih.gov/genomes/all/GCA/000/583/045/GCA_000583045.1_ASM58304v1","ftp://ftp.ncbi.nlm.nih.gov/genomes/all/GCF/000/583/045/GCF_000583045.1_ASM58304v1"
